<?xml version="1.0" encoding="UTF-8"?>
<project version="4">
  <component name="ChangeListManager">
    <list default="true" id="67257371-2aa5-4790-ab28-08d70a63e774" name="Default Changelist" comment="" />
    <option name="SHOW_DIALOG" value="false" />
    <option name="HIGHLIGHT_CONFLICTS" value="true" />
    <option name="HIGHLIGHT_NON_ACTIVE_CHANGELIST" value="false" />
    <option name="LAST_RESOLUTION" value="IGNORE" />
  </component>
  <component name="ConceptEditorHintSettings">
    <option name="enabledHints">
      <set>
        <option value="de.slisson.mps.conditionalEditor.hints.editor.conditionalEditorHints.conditionalEditor" />
        <option value="de.slisson.mps.conditionalEditor.hints.editor.conditionalEditorHints.conditionalEditor_doNotUseThisHint" />
      </set>
    </option>
  </component>
  <component name="ConsoleHistory">
    <option name="tabs">
      <list>
        <TabState>
          <option name="title" value="Console" />
          <tab>
            <model ref="506cfbb0-f43b-4be6-bba8-6ee55f9dc4c5/r:759692e9-85e7-473d-9130-8aabea28d08d(TempModule506cfbb0-f43b-4be6-bba8-6ee55f9dc4c5/ConsoleModel_69206522141900)">
              <persistence version="9" />
              <languages>
                <devkit ref="70d3d6da-af63-483d-a75f-9c8acf8de332(jetbrains.mps.console.devkit)" />
              </languages>
              <imports />
              <registry>
                <language id="de1ad86d-6e50-4a02-b306-d4d17f64c375" name="jetbrains.mps.console.base">
                  <concept id="1583916890557930028" name="jetbrains.mps.console.base.structure.ConsoleRoot" flags="ng" index="aymSD">
                    <child id="1583916890557930415" name="history" index="aymYE" />
                    <child id="1583916890557930417" name="commandHolder" index="aymYO" />
                    <child id="9025248442620242919" name="cursor" index="1PhJh3" />
                  </concept>
                  <concept id="5758176878586720817" name="jetbrains.mps.console.base.structure.CommandHolderRef" flags="ng" index="2_V_lH">
                    <reference id="5758176878586720818" name="target" index="2_V_lI" />
                  </concept>
                  <concept id="351968380916615243" name="jetbrains.mps.console.base.structure.CommandHolder" flags="ng" index="2Clz$F" />
                  <concept id="757553790980850366" name="jetbrains.mps.console.base.structure.History" flags="ng" index="3balQm" />
                </language>
              </registry>
              <node concept="aymSD" id="1LQREd8zrNC">
                <node concept="3balQm" id="1LQREd8zrND" role="aymYE" />
                <node concept="2Clz$F" id="1LQREd8zrNE" role="aymYO" />
                <node concept="2_V_lH" id="1LQREd8zrNF" role="1PhJh3">
                  <ref role="2_V_lI" node="1LQREd8zrNE" resolve="CommandHolder" />
                </node>
              </node>
            </model>
          </tab>
        </TabState>
      </list>
    </option>
  </component>
  <component name="DefaultSearchOptions3">
    <search_options>
      <finders>
        <finders />
      </finders>
      <scope>
        <scope_type scope_type="PROJECT" module="&lt;default&gt;" model="&lt;default&gt;" />
      </scope>
      <view>
        <flags show_one_result="true" new_tab="false" />
      </view>
    </search_options>
  </component>
  <component name="GitSEFilterConfiguration">
    <file-type-list>
      <filtered-out-file-type name="LOCAL_BRANCH" />
      <filtered-out-file-type name="REMOTE_BRANCH" />
      <filtered-out-file-type name="TAG" />
      <filtered-out-file-type name="COMMIT_BY_MESSAGE" />
    </file-type-list>
  </component>
  <component name="MPSBookmarkManager">
    <option name="myBookmarkInfos">
      <array>
        <BookmarkInfo />
        <BookmarkInfo />
        <BookmarkInfo />
        <BookmarkInfo />
        <BookmarkInfo />
        <BookmarkInfo />
        <BookmarkInfo />
        <BookmarkInfo />
        <BookmarkInfo />
        <BookmarkInfo />
      </array>
    </option>
  </component>
  <component name="MessagesViewTool">
    <option name="defaultListState">
      <MessageListState>
        <option name="autoscrollToSource" value="true" />
        <option name="info" value="true" />
        <option name="warnings" value="true" />
      </MessageListState>
    </option>
  </component>
  <component name="ProjectId" id="1sB16NdfXBdvgVZ2mql29ToFLTJ" />
  <component name="ProjectPluginManager">
    <option name="pluginsState">
      <option name="com.dslfoundry.langvis.plugin.plugin.Plugin_ProjectPlugin">
        <value>
          <PluginState />
        </value>
      </option>
      <option name="com.mbeddr.core.base.pluginSolution.plugin.PluginSolution_ProjectPlugin">
        <value>
          <PluginState />
        </value>
      </option>
      <option name="com.mbeddr.core.codereview.plugin.Codereview_ProjectPlugin">
        <value>
          <PluginState>
            <option name="myComponentsState">
              <list>
                <ComponentState>
                  <option name="first" value="com.mbeddr.core.codereview.plugin.Codereview_ProjectPlugin$2" />
                </ComponentState>
              </list>
            </option>
          </PluginState>
        </value>
      </option>
      <option name="com.mbeddr.doc.aspect.ui.plugin.Ui_ProjectPlugin">
        <value>
          <PluginState />
        </value>
      </option>
      <option name="com.mbeddr.doc.pluginSolution.plugin.PluginSolution_ProjectPlugin">
        <value>
          <PluginState />
        </value>
      </option>
      <option name="com.mbeddr.mpsutil.asynccell.plugin.Asynccell_ProjectPlugin">
        <value>
          <PluginState />
        </value>
      </option>
      <option name="com.mbeddr.mpsutil.breadcrumb.runtime.plugin.Runtime_ProjectPlugin">
        <value>
          <PluginState />
        </value>
      </option>
      <option name="com.mbeddr.mpsutil.ccmenu.runtime.plugin.Runtime_ProjectPlugin">
        <value>
          <PluginState />
        </value>
      </option>
      <option name="com.mbeddr.mpsutil.contextactions.runtime.plugin.Runtime_ProjectPlugin">
        <value>
          <PluginState />
        </value>
      </option>
      <option name="com.mbeddr.mpsutil.ecore.ui.plugin.Ui_ProjectPlugin">
        <value>
          <PluginState />
        </value>
      </option>
      <option name="com.mbeddr.mpsutil.editingGuide.execution.plugin.Execution_ProjectPlugin">
        <value>
          <PluginState />
        </value>
      </option>
      <option name="com.mbeddr.mpsutil.genreview.plugin.Genreview_ProjectPlugin">
        <value>
          <PluginState />
        </value>
      </option>
      <option name="com.mbeddr.mpsutil.httpserver.plugin.Httpserver_ProjectPlugin">
        <value>
          <PluginState />
        </value>
      </option>
      <option name="com.mbeddr.mpsutil.hyperlink.plugin.Hyperlink_ProjectPlugin">
        <value>
          <PluginState />
        </value>
      </option>
      <option name="com.mbeddr.mpsutil.intentions.runtime.plugin.Runtime_ProjectPlugin">
        <value>
          <PluginState />
        </value>
      </option>
      <option name="com.mbeddr.mpsutil.jfreechart.runtime.plugin.Runtime_ProjectPlugin">
        <value>
          <PluginState />
        </value>
      </option>
      <option name="com.mbeddr.mpsutil.jung.pluginSolution.plugin.PluginSolution_ProjectPlugin">
        <value>
          <PluginState />
        </value>
      </option>
      <option name="com.mbeddr.mpsutil.multilingual.concept.runtime.plugin.Runtime_ProjectPlugin">
        <value>
          <PluginState />
        </value>
      </option>
      <option name="com.mbeddr.mpsutil.multilingual.settings.runtime.plugin.Runtime_ProjectPlugin">
        <value>
          <PluginState />
        </value>
      </option>
      <option name="com.mbeddr.mpsutil.plantuml.pluginSolution.plugin.PluginSolution_ProjectPlugin">
        <value>
          <PluginState />
        </value>
      </option>
      <option name="com.mbeddr.mpsutil.projectview.runtime.plugin.Runtime_ProjectPlugin">
        <value>
          <PluginState />
        </value>
      </option>
      <option name="com.mbeddr.mpsutil.projectview.vcs.plugin.Vcs_ProjectPlugin">
        <value>
          <PluginState />
        </value>
      </option>
      <option name="com.mbeddr.mpsutil.traceExplorer.plugin.TraceExplorer_ProjectPlugin">
        <value>
          <PluginState />
        </value>
      </option>
      <option name="com.mbeddr.mpsutil.userstyles.runtime.plugin.Runtime_ProjectPlugin">
        <value>
          <PluginState />
        </value>
      </option>
      <option name="de.itemis.mps.editor.celllayout.runtime.plugin.Runtime_ProjectPlugin">
        <value>
          <PluginState />
        </value>
      </option>
      <option name="de.itemis.mps.editor.diagram.runtime.plugin.Runtime_ProjectPlugin">
        <value>
          <PluginState />
        </value>
      </option>
      <option name="de.itemis.mps.mouselistener.runtime.plugin.Runtime_ProjectPlugin">
        <value>
          <PluginState />
        </value>
      </option>
      <option name="de.itemis.mps.selection.runtime.plugin.Runtime_ProjectPlugin">
        <value>
          <PluginState />
        </value>
      </option>
      <option name="de.itemis.mps.tooltips.runtime.plugin.Runtime_ProjectPlugin">
        <value>
          <PluginState />
        </value>
      </option>
      <option name="de.q60.mps.explorer.plugin.Explorer_ProjectPlugin">
        <value>
          <PluginState />
        </value>
      </option>
      <option name="de.q60.mps.shadowmodels.modelcheck.runtime.plugin.Runtime_ProjectPlugin">
        <value>
          <PluginState />
        </value>
      </option>
      <option name="de.q60.mps.shadowmodels.runtime.plugin.Runtime_ProjectPlugin">
        <value>
          <PluginState />
        </value>
      </option>
      <option name="de.slisson.mps.conditionalEditor.runtime.plugin.Runtime_ProjectPlugin">
        <value>
          <PluginState />
        </value>
      </option>
      <option name="jetbrains.mps.baseLanguage.lightweightdsl.pluginSolution.plugin.PluginSolution_ProjectPlugin">
        <value>
          <PluginState />
        </value>
      </option>
      <option name="jetbrains.mps.editor.contextActionsTool.pluginSolution.plugin.PluginSolution_ProjectPlugin">
        <value>
          <PluginState />
        </value>
      </option>
      <option name="jetbrains.mps.execution.configurations.implementation.plugin.plugin.Plugin_ProjectPlugin">
        <value>
          <PluginState />
        </value>
      </option>
      <option name="jetbrains.mps.execution.configurations.pluginSolution.plugin.PluginSolution_ProjectPlugin">
        <value>
          <PluginState />
        </value>
      </option>
      <option name="jetbrains.mps.ide.actions.Ide_ProjectPlugin">
        <value>
          <PluginState>
            <option name="myComponentsState">
              <list>
                <ComponentState>
                  <option name="first" value="jetbrains.mps.ide.actions.BehaviorDialogsPersistentOptions_PreferencesComponent" />
                  <params>
                    <option name="addReturnsOnImplement" value="false" />
                    <option name="sortAlphabetically" value="false" />
                    <option name="removeAttributes" value="true" />
                  </params>
                </ComponentState>
              </list>
            </option>
          </PluginState>
        </value>
      </option>
      <option name="jetbrains.mps.ide.devkit.actions.Mpsdevkit_ProjectPlugin">
        <value>
          <PluginState />
        </value>
      </option>
      <option name="jetbrains.mps.ide.devkit.editor.Editor_ProjectPlugin">
        <value>
          <PluginState />
        </value>
      </option>
      <option name="jetbrains.mps.ide.make.actions.Make_ProjectPlugin">
        <value>
          <PluginState />
        </value>
      </option>
      <option name="jetbrains.mps.lang.editor.tooltips.runtime.plugin.Runtime_ProjectPlugin">
        <value>
          <PluginState />
        </value>
      </option>
      <option name="jetbrains.mps.migration.workbench.plugin.Workbench_ProjectPlugin">
        <value>
          <PluginState />
        </value>
      </option>
      <option name="jetbrains.mps.vcs.mergehints.plugin.plugin.Plugin_ProjectPlugin">
        <value>
          <PluginState />
        </value>
      </option>
    </option>
  </component>
  <component name="ProjectView">
    <navigator currentView="ProjectPane" proportions="" version="1" />
    <panes>
      <pane id="FileSystem" />
      <pane id="ProjectPane">
        <subPane>
          <PATH>
            <PATH_ELEMENT>
              <option name="myItemId" value="COP-Project" />
              <option name="myItemType" value="" />
            </PATH_ELEMENT>
            <PATH_ELEMENT>
              <option name="myItemId" value="f54c6703-3418-40bc-be93-12879578d6a1(SoseL21)" />
              <option name="myItemType" value="" />
            </PATH_ELEMENT>
            <PATH_ELEMENT>
              <option name="myItemId" value="r:3feced63-76c9-43c3-bfaf-118107b568a7(SoseL21.structure) in IdeaFile[path: C:/Users/Nina Marie Stewens/MPSProjects/COP-Project/languages/SoseL21/models/SoseL21.structure.mps]" />
              <option name="myItemType" value="" />
            </PATH_ELEMENT>
          </PATH>
          <PATH>
            <PATH_ELEMENT>
              <option name="myItemId" value="COP-Project" />
              <option name="myItemType" value="" />
            </PATH_ELEMENT>
            <PATH_ELEMENT>
              <option name="myItemId" value="041f861f-3dcb-4caa-a7ae-06d8c3219692" />
              <option name="myItemType" value="" />
            </PATH_ELEMENT>
          </PATH>
          <PATH>
            <PATH_ELEMENT>
              <option name="myItemId" value="COP-Project" />
              <option name="myItemType" value="" />
            </PATH_ELEMENT>
            <PATH_ELEMENT>
              <option name="myItemId" value="f54c6703-3418-40bc-be93-12879578d6a1(SoseL21)" />
              <option name="myItemType" value="" />
            </PATH_ELEMENT>
          </PATH>
          <PATH>
            <PATH_ELEMENT>
              <option name="myItemId" value="COP-Project" />
              <option name="myItemType" value="" />
            </PATH_ELEMENT>
            <PATH_ELEMENT>
              <option name="myItemId" value="6e65b070-f7f6-41ba-80b4-64029956dec4" />
              <option name="myItemType" value="" />
            </PATH_ELEMENT>
            <PATH_ELEMENT>
              <option name="myItemId" value="COPLLang" />
              <option name="myItemType" value="" />
            </PATH_ELEMENT>
          </PATH>
          <PATH>
            <PATH_ELEMENT>
              <option name="myItemId" value="COP-Project" />
              <option name="myItemType" value="" />
            </PATH_ELEMENT>
            <PATH_ELEMENT>
              <option name="myItemId" value="6e65b070-f7f6-41ba-80b4-64029956dec4" />
              <option name="myItemType" value="" />
            </PATH_ELEMENT>
            <PATH_ELEMENT>
              <option name="myItemId" value="COPLLang" />
              <option name="myItemType" value="" />
            </PATH_ELEMENT>
            <PATH_ELEMENT>
              <option name="myItemId" value="r:dafba46f-45c2-4716-98dc-c53d8f14af0a(COPLLang.interpreter) in IdeaFile[path: C:/Users/Nina Marie Stewens/MPSProjects/COP-Project/solutions/COPLLang.interpreter/models/COPLLang.interpreter.mps]" />
              <option name="myItemType" value="" />
            </PATH_ELEMENT>
          </PATH>
          <PATH>
            <PATH_ELEMENT>
              <option name="myItemId" value="COP-Project" />
              <option name="myItemType" value="" />
            </PATH_ELEMENT>
            <PATH_ELEMENT>
              <option name="myItemId" value="6e65b070-f7f6-41ba-80b4-64029956dec4" />
              <option name="myItemType" value="" />
            </PATH_ELEMENT>
          </PATH>
          <PATH>
            <PATH_ELEMENT>
              <option name="myItemId" value="COP-Project" />
              <option name="myItemType" value="" />
            </PATH_ELEMENT>
            <PATH_ELEMENT>
              <option name="myItemId" value="f54c6703-3418-40bc-be93-12879578d6a1(SoseL21)" />
              <option name="myItemType" value="" />
            </PATH_ELEMENT>
            <PATH_ELEMENT>
              <option name="myItemId" value="r:07080f9c-2fcf-445b-8873-07f5fe5e16ed(SoseL21.editor) in IdeaFile[path: C:/Users/Nina Marie Stewens/MPSProjects/COP-Project/languages/SoseL21/models/SoseL21.editor.mps]" />
              <option name="myItemType" value="" />
            </PATH_ELEMENT>
          </PATH>
          <PATH>
            <PATH_ELEMENT>
              <option name="myItemId" value="COP-Project" />
              <option name="myItemType" value="" />
            </PATH_ELEMENT>
            <PATH_ELEMENT>
              <option name="myItemId" value="f54c6703-3418-40bc-be93-12879578d6a1(SoseL21)" />
              <option name="myItemType" value="" />
            </PATH_ELEMENT>
            <PATH_ELEMENT>
              <option name="myItemId" value="r:22fa5c38-a13e-4244-be0a-1b45691ce23f(SoseL21.constraints) in IdeaFile[path: C:/Users/Nina Marie Stewens/MPSProjects/COP-Project/languages/SoseL21/models/SoseL21.constraints.mps]" />
              <option name="myItemType" value="" />
            </PATH_ELEMENT>
          </PATH>
          <PATH>
            <PATH_ELEMENT>
              <option name="myItemId" value="COP-Project" />
              <option name="myItemType" value="" />
            </PATH_ELEMENT>
          </PATH>
          <PATH>
            <PATH_ELEMENT>
              <option name="myItemId" value="COP-Project" />
              <option name="myItemType" value="" />
            </PATH_ELEMENT>
            <PATH_ELEMENT>
              <option name="myItemId" value="041f861f-3dcb-4caa-a7ae-06d8c3219692" />
              <option name="myItemType" value="" />
            </PATH_ELEMENT>
            <PATH_ELEMENT>
              <option name="myItemId" value="r:b48c80a6-99d3-4734-a51a-2f6b7b6861cf(runtime) in IdeaFile[path: C:/Users/Nina Marie Stewens/MPSProjects/COP-Project/solutions/Sose21.runtime/models/runtime.mps]" />
              <option name="myItemType" value="" />
            </PATH_ELEMENT>
          </PATH>
          <SELECTED>
            <PATH_ELEMENT>
              <option name="myItemId" value="COP-Project" />
              <option name="myItemType" value="" />
            </PATH_ELEMENT>
            <PATH_ELEMENT>
              <option name="myItemId" value="041f861f-3dcb-4caa-a7ae-06d8c3219692" />
              <option name="myItemType" value="" />
            </PATH_ELEMENT>
            <PATH_ELEMENT>
              <option name="myItemId" value="r:b48c80a6-99d3-4734-a51a-2f6b7b6861cf(runtime) in IdeaFile[path: C:/Users/Nina Marie Stewens/MPSProjects/COP-Project/solutions/Sose21.runtime/models/runtime.mps]" />
              <option name="myItemType" value="" />
            </PATH_ELEMENT>
            <PATH_ELEMENT>
              <option name="myItemId" value="2051071473192251074" />
              <option name="myItemType" value="" />
            </PATH_ELEMENT>
          </SELECTED>
        </subPane>
      </pane>
      <pane id="Scope">
        <subPane subId="Scope 'Project Files'; set:Project Files; class com.intellij.psi.search.scope.ProjectFilesScope">
          <expand>
            <path>
              <item name="COP-Project" type="3d21c010:ScopeViewTreeModel$ProjectNode" />
              <item name="C:\Users\Nina Marie Stewens\MPSProjects\COP-Project" type="442cc68d:ScopeViewTreeModel$RootNode" />
            </path>
            <path>
              <item name="COP-Project" type="3d21c010:ScopeViewTreeModel$ProjectNode" />
              <item name="C:\Users\Nina Marie Stewens\MPSProjects\COP-Project" type="442cc68d:ScopeViewTreeModel$RootNode" />
              <item name="languages" type="9f88c78c:ScopeViewTreeModel$FileNode" />
            </path>
            <path>
              <item name="COP-Project" type="3d21c010:ScopeViewTreeModel$ProjectNode" />
              <item name="C:\Users\Nina Marie Stewens\MPSProjects\COP-Project" type="442cc68d:ScopeViewTreeModel$RootNode" />
              <item name="languages" type="9f88c78c:ScopeViewTreeModel$FileNode" />
              <item name="SoseL21" type="9f88c78c:ScopeViewTreeModel$FileNode" />
            </path>
          </expand>
          <select />
        </subPane>
      </pane>
      <pane id="CustomProjectView_com.mbeddr.mpsutil.favourites.plugin.plugin.FavouritesProjectView">
        <subPane />
      </pane>
    </panes>
  </component>
  <component name="ProjectViewState">
    <option name="hideEmptyMiddlePackages" value="true" />
    <option name="showLibraryContents" value="true" />
  </component>
  <component name="PropertiesComponent">
    <property name="RunOnceActivity.OpenProjectViewOnStart" value="true" />
    <property name="RunOnceActivity.ShowReadmeOnStart" value="true" />
    <property name="last_opened_file_path" value="$USER_HOME$/Documents/UNI/SS2021/COP/SoseL21" />
    <property name="settings.editor.selected.configurable" value="preferences.lookFeel" />
  </component>
  <component name="SpellCheckerSettings" RuntimeDictionaries="0" Folders="0" CustomDictionaries="0" DefaultDictionary="application-level" UseSingleDictionary="true" transferred="true" />
  <component name="TaskManager">
    <task active="true" id="Default" summary="Default task">
      <changelist id="67257371-2aa5-4790-ab28-08d70a63e774" name="Default Changelist" comment="" />
      <created>1620330997784</created>
      <option name="number" value="Default" />
      <option name="presentableId" value="Default" />
      <updated>1620330997784</updated>
    </task>
    <servers />
  </component>
  <component name="UsagesViewTool">
    <version id="1" />
    <tabs />
    <default_view_options>
      <options category_option="false" module_option="true" model_option="true" root_option="true" path_option="false" count_option="true" info_option="true" view_searched_nodes_option="true" group_searched_nodes_option="true" autoscroll_option="false" />
    </default_view_options>
  </component>
</project>