<?xml version="1.0" encoding="UTF-8"?>
<project version="4">
  <component name="MPSProject">
    <projectModules>
      <modulePath path="$PROJECT_DIR$/languages/SoseL21.test/SoseL21.test.mpl" folder="" />
      <modulePath path="$PROJECT_DIR$/languages/SoseL21/SoseL21.mpl" folder="" />
      <modulePath path="$PROJECT_DIR$/solutions/COPL.Interpreter/COPL.Interpreter.msd" folder="" />
      <modulePath path="$PROJECT_DIR$/solutions/Sose21.runtime/Sose21.runtime.msd" folder="" />
    </projectModules>
  </component>
</project>