<?xml version="1.0" encoding="UTF-8"?>
<project version="4">
  <component name="ChangeListManager">
    <list default="true" id="67257371-2aa5-4790-ab28-08d70a63e774" name="Default Changelist" comment="" />
    <option name="SHOW_DIALOG" value="false" />
    <option name="HIGHLIGHT_CONFLICTS" value="true" />
    <option name="HIGHLIGHT_NON_ACTIVE_CHANGELIST" value="false" />
    <option name="LAST_RESOLUTION" value="IGNORE" />
  </component>
  <component name="ConceptEditorHintSettings">
    <option name="enabledHints">
      <set>
        <option value="de.slisson.mps.conditionalEditor.hints.editor.conditionalEditorHints.conditionalEditor" />
        <option value="de.slisson.mps.conditionalEditor.hints.editor.conditionalEditorHints.conditionalEditor_doNotUseThisHint" />
      </set>
    </option>
  </component>
  <component name="ConsoleHistory">
    <option name="tabs">
      <list>
        <TabState>
          <option name="title" value="Console" />
          <tab>
            <model ref="629b62bd-1bb3-48e3-a4b7-d0079f2a4d8c/r:dc77ce42-0ac5-4108-894c-f0dd4be0fafa(TempModule629b62bd-1bb3-48e3-a4b7-d0079f2a4d8c/ConsoleModel_24154392695493)">
              <persistence version="9" />
              <languages>
                <devkit ref="70d3d6da-af63-483d-a75f-9c8acf8de332(jetbrains.mps.console.devkit)" />
              </languages>
              <imports />
              <registry>
                <language id="de1ad86d-6e50-4a02-b306-d4d17f64c375" name="jetbrains.mps.console.base">
                  <concept id="1583916890557930028" name="jetbrains.mps.console.base.structure.ConsoleRoot" flags="ng" index="aymSD">
                    <child id="1583916890557930415" name="history" index="aymYE" />
                    <child id="1583916890557930417" name="commandHolder" index="aymYO" />
                    <child id="9025248442620242919" name="cursor" index="1PhJh3" />
                  </concept>
                  <concept id="5758176878586720817" name="jetbrains.mps.console.base.structure.CommandHolderRef" flags="ng" index="2_V_lH">
                    <reference id="5758176878586720818" name="target" index="2_V_lI" />
                  </concept>
                  <concept id="351968380916615243" name="jetbrains.mps.console.base.structure.CommandHolder" flags="ng" index="2Clz$F" />
                  <concept id="757553790980850366" name="jetbrains.mps.console.base.structure.History" flags="ng" index="3balQm" />
                </language>
              </registry>
              <node concept="aymSD" id="7LERkxVau4g">
                <node concept="3balQm" id="7LERkxVau4h" role="aymYE" />
                <node concept="2Clz$F" id="7LERkxVau4i" role="aymYO" />
                <node concept="2_V_lH" id="7LERkxVau4j" role="1PhJh3">
                  <ref role="2_V_lI" node="7LERkxVau4i" resolve="CommandHolder" />
                </node>
              </node>
            </model>
          </tab>
        </TabState>
      </list>
    </option>
  </component>
  <component name="DefaultSearchOptions3">
    <search_options>
      <finders>
        <finders />
      </finders>
      <scope>
        <scope_type scope_type="PROJECT" module="&lt;default&gt;" model="&lt;default&gt;" />
      </scope>
      <view>
        <flags show_one_result="true" new_tab="false" />
      </view>
    </search_options>
  </component>
  <component name="Git.Settings">
    <option name="RECENT_BRANCH_BY_REPOSITORY">
      <map>
        <entry key="$PROJECT_DIR$" value="master" />
      </map>
    </option>
    <option name="RECENT_GIT_ROOT_PATH" value="$PROJECT_DIR$" />
  </component>
  <component name="GitSEFilterConfiguration">
    <file-type-list>
      <filtered-out-file-type name="LOCAL_BRANCH" />
      <filtered-out-file-type name="REMOTE_BRANCH" />
      <filtered-out-file-type name="TAG" />
      <filtered-out-file-type name="COMMIT_BY_MESSAGE" />
    </file-type-list>
  </component>
  <component name="MPSBookmarkManager">
    <option name="myBookmarkInfos">
      <array>
        <BookmarkInfo />
        <BookmarkInfo />
        <BookmarkInfo />
        <BookmarkInfo />
        <BookmarkInfo />
        <BookmarkInfo />
        <BookmarkInfo />
        <BookmarkInfo />
        <BookmarkInfo />
        <BookmarkInfo />
      </array>
    </option>
  </component>
  <component name="MessagesViewTool">
    <option name="defaultListState">
      <MessageListState>
        <option name="autoscrollToSource" value="true" />
        <option name="info" value="true" />
        <option name="warnings" value="true" />
      </MessageListState>
    </option>
  </component>
  <component name="NodeEditorSearchHistory">
    <option name="searches">
      <list>
        <option value="evalua" />
      </list>
    </option>
  </component>
  <component name="ProjectId" id="1sB16NdfXBdvgVZ2mql29ToFLTJ" />
  <component name="ProjectLevelVcsManager">
    <OptionsSetting value="false" id="Update" />
    <ConfirmationsSetting value="1" id="Add" />
  </component>
  <component name="ProjectPluginManager">
    <option name="pluginsState">
      <option name="com.dslfoundry.langvis.plugin.plugin.Plugin_ProjectPlugin">
        <value>
          <PluginState />
        </value>
      </option>
      <option name="com.mbeddr.core.base.pluginSolution.plugin.PluginSolution_ProjectPlugin">
        <value>
          <PluginState />
        </value>
      </option>
      <option name="com.mbeddr.core.codereview.plugin.Codereview_ProjectPlugin">
        <value>
          <PluginState>
            <option name="myComponentsState">
              <list>
                <ComponentState>
                  <option name="first" value="com.mbeddr.core.codereview.plugin.Codereview_ProjectPlugin$2" />
                </ComponentState>
              </list>
            </option>
          </PluginState>
        </value>
      </option>
      <option name="com.mbeddr.doc.aspect.ui.plugin.Ui_ProjectPlugin">
        <value>
          <PluginState />
        </value>
      </option>
      <option name="com.mbeddr.doc.pluginSolution.plugin.PluginSolution_ProjectPlugin">
        <value>
          <PluginState />
        </value>
      </option>
      <option name="com.mbeddr.mpsutil.asynccell.plugin.Asynccell_ProjectPlugin">
        <value>
          <PluginState />
        </value>
      </option>
      <option name="com.mbeddr.mpsutil.breadcrumb.runtime.plugin.Runtime_ProjectPlugin">
        <value>
          <PluginState />
        </value>
      </option>
      <option name="com.mbeddr.mpsutil.ccmenu.runtime.plugin.Runtime_ProjectPlugin">
        <value>
          <PluginState />
        </value>
      </option>
      <option name="com.mbeddr.mpsutil.contextactions.runtime.plugin.Runtime_ProjectPlugin">
        <value>
          <PluginState />
        </value>
      </option>
      <option name="com.mbeddr.mpsutil.ecore.ui.plugin.Ui_ProjectPlugin">
        <value>
          <PluginState />
        </value>
      </option>
      <option name="com.mbeddr.mpsutil.editingGuide.execution.plugin.Execution_ProjectPlugin">
        <value>
          <PluginState />
        </value>
      </option>
      <option name="com.mbeddr.mpsutil.genreview.plugin.Genreview_ProjectPlugin">
        <value>
          <PluginState />
        </value>
      </option>
      <option name="com.mbeddr.mpsutil.httpserver.plugin.Httpserver_ProjectPlugin">
        <value>
          <PluginState />
        </value>
      </option>
      <option name="com.mbeddr.mpsutil.hyperlink.plugin.Hyperlink_ProjectPlugin">
        <value>
          <PluginState />
        </value>
      </option>
      <option name="com.mbeddr.mpsutil.intentions.runtime.plugin.Runtime_ProjectPlugin">
        <value>
          <PluginState />
        </value>
      </option>
      <option name="com.mbeddr.mpsutil.jfreechart.runtime.plugin.Runtime_ProjectPlugin">
        <value>
          <PluginState />
        </value>
      </option>
      <option name="com.mbeddr.mpsutil.jung.pluginSolution.plugin.PluginSolution_ProjectPlugin">
        <value>
          <PluginState />
        </value>
      </option>
      <option name="com.mbeddr.mpsutil.multilingual.concept.runtime.plugin.Runtime_ProjectPlugin">
        <value>
          <PluginState />
        </value>
      </option>
      <option name="com.mbeddr.mpsutil.multilingual.settings.runtime.plugin.Runtime_ProjectPlugin">
        <value>
          <PluginState />
        </value>
      </option>
      <option name="com.mbeddr.mpsutil.plantuml.pluginSolution.plugin.PluginSolution_ProjectPlugin">
        <value>
          <PluginState />
        </value>
      </option>
      <option name="com.mbeddr.mpsutil.projectview.runtime.plugin.Runtime_ProjectPlugin">
        <value>
          <PluginState />
        </value>
      </option>
      <option name="com.mbeddr.mpsutil.projectview.vcs.plugin.Vcs_ProjectPlugin">
        <value>
          <PluginState />
        </value>
      </option>
      <option name="com.mbeddr.mpsutil.traceExplorer.plugin.TraceExplorer_ProjectPlugin">
        <value>
          <PluginState />
        </value>
      </option>
      <option name="com.mbeddr.mpsutil.userstyles.runtime.plugin.Runtime_ProjectPlugin">
        <value>
          <PluginState />
        </value>
      </option>
      <option name="de.itemis.mps.editor.celllayout.runtime.plugin.Runtime_ProjectPlugin">
        <value>
          <PluginState />
        </value>
      </option>
      <option name="de.itemis.mps.editor.diagram.runtime.plugin.Runtime_ProjectPlugin">
        <value>
          <PluginState />
        </value>
      </option>
      <option name="de.itemis.mps.mouselistener.runtime.plugin.Runtime_ProjectPlugin">
        <value>
          <PluginState />
        </value>
      </option>
      <option name="de.itemis.mps.selection.runtime.plugin.Runtime_ProjectPlugin">
        <value>
          <PluginState />
        </value>
      </option>
      <option name="de.itemis.mps.tooltips.runtime.plugin.Runtime_ProjectPlugin">
        <value>
          <PluginState />
        </value>
      </option>
      <option name="de.q60.mps.explorer.plugin.Explorer_ProjectPlugin">
        <value>
          <PluginState />
        </value>
      </option>
      <option name="de.q60.mps.shadowmodels.modelcheck.runtime.plugin.Runtime_ProjectPlugin">
        <value>
          <PluginState />
        </value>
      </option>
      <option name="de.q60.mps.shadowmodels.runtime.plugin.Runtime_ProjectPlugin">
        <value>
          <PluginState />
        </value>
      </option>
      <option name="de.slisson.mps.conditionalEditor.runtime.plugin.Runtime_ProjectPlugin">
        <value>
          <PluginState />
        </value>
      </option>
      <option name="jetbrains.mps.baseLanguage.lightweightdsl.pluginSolution.plugin.PluginSolution_ProjectPlugin">
        <value>
          <PluginState />
        </value>
      </option>
      <option name="jetbrains.mps.editor.contextActionsTool.pluginSolution.plugin.PluginSolution_ProjectPlugin">
        <value>
          <PluginState />
        </value>
      </option>
      <option name="jetbrains.mps.execution.configurations.implementation.plugin.plugin.Plugin_ProjectPlugin">
        <value>
          <PluginState />
        </value>
      </option>
      <option name="jetbrains.mps.execution.configurations.pluginSolution.plugin.PluginSolution_ProjectPlugin">
        <value>
          <PluginState />
        </value>
      </option>
      <option name="jetbrains.mps.ide.actions.Ide_ProjectPlugin">
        <value>
          <PluginState>
            <option name="myComponentsState">
              <list>
                <ComponentState>
                  <option name="first" value="jetbrains.mps.ide.actions.BehaviorDialogsPersistentOptions_PreferencesComponent" />
                  <params>
                    <option name="addReturnsOnImplement" value="false" />
                    <option name="sortAlphabetically" value="false" />
                    <option name="removeAttributes" value="true" />
                  </params>
                </ComponentState>
              </list>
            </option>
          </PluginState>
        </value>
      </option>
      <option name="jetbrains.mps.ide.devkit.actions.Mpsdevkit_ProjectPlugin">
        <value>
          <PluginState />
        </value>
      </option>
      <option name="jetbrains.mps.ide.devkit.editor.Editor_ProjectPlugin">
        <value>
          <PluginState />
        </value>
      </option>
      <option name="jetbrains.mps.ide.make.actions.Make_ProjectPlugin">
        <value>
          <PluginState />
        </value>
      </option>
      <option name="jetbrains.mps.lang.editor.tooltips.runtime.plugin.Runtime_ProjectPlugin">
        <value>
          <PluginState />
        </value>
      </option>
      <option name="jetbrains.mps.migration.workbench.plugin.Workbench_ProjectPlugin">
        <value>
          <PluginState />
        </value>
      </option>
      <option name="jetbrains.mps.vcs.mergehints.plugin.plugin.Plugin_ProjectPlugin">
        <value>
          <PluginState />
        </value>
      </option>
    </option>
  </component>
  <component name="ProjectView">
    <navigator currentView="ProjectPane" proportions="" version="1" />
    <panes>
      <pane id="ProjectPane">
        <subPane>
          <PATH>
            <PATH_ELEMENT>
              <option name="myItemId" value="SoseL21" />
              <option name="myItemType" value="" />
            </PATH_ELEMENT>
            <PATH_ELEMENT>
              <option name="myItemId" value="a34a55ee-a103-48ae-9f8a-768746b0e547" />
              <option name="myItemType" value="" />
            </PATH_ELEMENT>
            <PATH_ELEMENT>
              <option name="myItemId" value="COPL" />
              <option name="myItemType" value="" />
            </PATH_ELEMENT>
          </PATH>
          <PATH>
            <PATH_ELEMENT>
              <option name="myItemId" value="SoseL21" />
              <option name="myItemType" value="" />
            </PATH_ELEMENT>
            <PATH_ELEMENT>
              <option name="myItemId" value="3505a45a-f5a5-4947-9d96-63cfc7a46655(SoseL21.test)" />
              <option name="myItemType" value="" />
            </PATH_ELEMENT>
            <PATH_ELEMENT>
              <option name="myItemId" value="r:bb6a9f95-a443-448b-ae8c-5161f9878738(SoseL21.test.editor) in IdeaFile[path: /home/mda/MPSProjects/SoseL21/languages/SoseL21.test/models/SoseL21.test.editor.mps]" />
              <option name="myItemType" value="" />
            </PATH_ELEMENT>
          </PATH>
          <PATH>
            <PATH_ELEMENT>
              <option name="myItemId" value="SoseL21" />
              <option name="myItemType" value="" />
            </PATH_ELEMENT>
            <PATH_ELEMENT>
              <option name="myItemId" value="3505a45a-f5a5-4947-9d96-63cfc7a46655(SoseL21.test)" />
              <option name="myItemType" value="" />
            </PATH_ELEMENT>
          </PATH>
          <PATH>
            <PATH_ELEMENT>
              <option name="myItemId" value="SoseL21" />
              <option name="myItemType" value="" />
            </PATH_ELEMENT>
            <PATH_ELEMENT>
              <option name="myItemId" value="a34a55ee-a103-48ae-9f8a-768746b0e547" />
              <option name="myItemType" value="" />
            </PATH_ELEMENT>
          </PATH>
          <PATH>
            <PATH_ELEMENT>
              <option name="myItemId" value="SoseL21" />
              <option name="myItemType" value="" />
            </PATH_ELEMENT>
            <PATH_ELEMENT>
              <option name="myItemId" value="041f861f-3dcb-4caa-a7ae-06d8c3219692" />
              <option name="myItemType" value="" />
            </PATH_ELEMENT>
            <PATH_ELEMENT>
              <option name="myItemId" value="r:b48c80a6-99d3-4734-a51a-2f6b7b6861cf(runtime) in IdeaFile[path: /home/mda/MPSProjects/SoseL21/solutions/Sose21.runtime/models/runtime.mps]" />
              <option name="myItemType" value="" />
            </PATH_ELEMENT>
          </PATH>
          <PATH>
            <PATH_ELEMENT>
              <option name="myItemId" value="SoseL21" />
              <option name="myItemType" value="" />
            </PATH_ELEMENT>
            <PATH_ELEMENT>
              <option name="myItemId" value="f54c6703-3418-40bc-be93-12879578d6a1(SoseL21)" />
              <option name="myItemType" value="" />
            </PATH_ELEMENT>
            <PATH_ELEMENT>
              <option name="myItemId" value="r:0d111bc5-2e40-4c6a-96bc-7bbd61f45a7c(SoseL21.intentions) in IdeaFile[path: /home/mda/MPSProjects/SoseL21/languages/SoseL21/models/SoseL21.intentions.mps]" />
              <option name="myItemType" value="" />
            </PATH_ELEMENT>
          </PATH>
          <PATH>
            <PATH_ELEMENT>
              <option name="myItemId" value="SoseL21" />
              <option name="myItemType" value="" />
            </PATH_ELEMENT>
          </PATH>
          <PATH>
            <PATH_ELEMENT>
              <option name="myItemId" value="SoseL21" />
              <option name="myItemType" value="" />
            </PATH_ELEMENT>
            <PATH_ELEMENT>
              <option name="myItemId" value="3505a45a-f5a5-4947-9d96-63cfc7a46655(SoseL21.test)" />
              <option name="myItemType" value="" />
            </PATH_ELEMENT>
            <PATH_ELEMENT>
              <option name="myItemId" value="r:c7f5251c-1ca4-42db-a2d7-5153224dd627(SoseL21.test.structure) in IdeaFile[path: /home/mda/MPSProjects/SoseL21/languages/SoseL21.test/models/SoseL21.test.structure.mps]" />
              <option name="myItemType" value="" />
            </PATH_ELEMENT>
          </PATH>
          <PATH>
            <PATH_ELEMENT>
              <option name="myItemId" value="SoseL21" />
              <option name="myItemType" value="" />
            </PATH_ELEMENT>
            <PATH_ELEMENT>
              <option name="myItemId" value="3505a45a-f5a5-4947-9d96-63cfc7a46655(SoseL21.test)" />
              <option name="myItemType" value="" />
            </PATH_ELEMENT>
            <PATH_ELEMENT>
              <option name="myItemId" value="r:21ca0764-c6ec-412e-9e8b-251afa3e77ae(SoseL21.test.intentions) in IdeaFile[path: /home/mda/MPSProjects/SoseL21/languages/SoseL21.test/models/SoseL21.test.intentions.mps]" />
              <option name="myItemType" value="" />
            </PATH_ELEMENT>
          </PATH>
          <PATH>
            <PATH_ELEMENT>
              <option name="myItemId" value="SoseL21" />
              <option name="myItemType" value="" />
            </PATH_ELEMENT>
            <PATH_ELEMENT>
              <option name="myItemId" value="f54c6703-3418-40bc-be93-12879578d6a1(SoseL21)" />
              <option name="myItemType" value="" />
            </PATH_ELEMENT>
          </PATH>
          <PATH>
            <PATH_ELEMENT>
              <option name="myItemId" value="SoseL21" />
              <option name="myItemType" value="" />
            </PATH_ELEMENT>
            <PATH_ELEMENT>
              <option name="myItemId" value="041f861f-3dcb-4caa-a7ae-06d8c3219692" />
              <option name="myItemType" value="" />
            </PATH_ELEMENT>
          </PATH>
          <PATH>
            <PATH_ELEMENT>
              <option name="myItemId" value="SoseL21" />
              <option name="myItemType" value="" />
            </PATH_ELEMENT>
            <PATH_ELEMENT>
              <option name="myItemId" value="a34a55ee-a103-48ae-9f8a-768746b0e547" />
              <option name="myItemType" value="" />
            </PATH_ELEMENT>
            <PATH_ELEMENT>
              <option name="myItemId" value="COPL" />
              <option name="myItemType" value="" />
            </PATH_ELEMENT>
            <PATH_ELEMENT>
              <option name="myItemId" value="r:60fdcc0d-163f-4a24-a420-f70085826075(COPL.Interpreter.plugin) in IdeaFile[path: /home/mda/MPSProjects/SoseL21/solutions/COPL.Interpreter/models/COPL.Interpreter.plugin.mps]" />
              <option name="myItemType" value="" />
            </PATH_ELEMENT>
          </PATH>
          <SELECTED>
            <PATH_ELEMENT>
              <option name="myItemId" value="SoseL21" />
              <option name="myItemType" value="" />
            </PATH_ELEMENT>
            <PATH_ELEMENT>
              <option name="myItemId" value="041f861f-3dcb-4caa-a7ae-06d8c3219692" />
              <option name="myItemType" value="" />
            </PATH_ELEMENT>
            <PATH_ELEMENT>
              <option name="myItemId" value="r:b48c80a6-99d3-4734-a51a-2f6b7b6861cf(runtime) in IdeaFile[path: /home/mda/MPSProjects/SoseL21/solutions/Sose21.runtime/models/runtime.mps]" />
              <option name="myItemType" value="" />
            </PATH_ELEMENT>
            <PATH_ELEMENT>
              <option name="myItemId" value="8965221311608676287" />
              <option name="myItemType" value="" />
            </PATH_ELEMENT>
          </SELECTED>
        </subPane>
      </pane>
      <pane id="FileSystem" />
      <pane id="CustomProjectView_com.mbeddr.mpsutil.favourites.plugin.plugin.FavouritesProjectView">
        <subPane />
      </pane>
      <pane id="Scope" />
      <pane id="CustomProjectView_com.mbeddr.mpsutil.favourites.plugin.plugin.FavouritesProjectView">
        <subPane />
      </pane>
    </panes>
  </component>
  <component name="ProjectViewState">
    <option name="hideEmptyMiddlePackages" value="true" />
    <option name="showLibraryContents" value="true" />
  </component>
  <component name="PropertiesComponent">
    <property name="ASKED_SHARE_PROJECT_CONFIGURATION_FILES" value="true" />
    <property name="RunOnceActivity.OpenProjectViewOnStart" value="true" />
    <property name="RunOnceActivity.ShowReadmeOnStart" value="true" />
    <property name="SHARE_PROJECT_CONFIGURATION_FILES" value="true" />
    <property name="last_opened_file_path" value="$PROJECT_DIR$/languages/SoseL21.test/SoseL21.test.mpl" />
    <property name="settings.editor.selected.configurable" value="editor.preferences.fonts.default" />
  </component>
  <component name="ReaderModeSettings">
    <option name="enabled" value="false" />
  </component>
  <component name="SpellCheckerSettings" RuntimeDictionaries="0" Folders="0" CustomDictionaries="0" DefaultDictionary="application-level" UseSingleDictionary="true" transferred="true" />
  <component name="SvnConfiguration">
    <configuration>C:\Users\raffaell\AppData\Roaming\Subversion</configuration>
  </component>
  <component name="TaskManager">
    <task active="true" id="Default" summary="Default task">
      <changelist id="67257371-2aa5-4790-ab28-08d70a63e774" name="Default Changelist" comment="" />
      <created>1620330997784</created>
      <option name="number" value="Default" />
      <option name="presentableId" value="Default" />
      <updated>1620330997784</updated>
    </task>
    <servers />
  </component>
  <component name="UsagesViewTool">
    <version id="1" />
    <tabs>
      <tab>
        <result_provider class_name="jetbrains.mps.ide.findusages.findalgorithm.resultproviders.treenodes.UnionNode">
          <child rpn="jetbrains.mps.ide.findusages.findalgorithm.resultproviders.treenodes.FinderNode">
            <generated_finder class_name="jetbrains.mps.lang.structure.findUsages.NodeUsages_Finder" />
          </child>
        </result_provider>
        <query>
          <scope scope_class="jetbrains.mps.ide.findusages.model.scopes.ProjectScope" />
          <holder holder_class="jetbrains.mps.ide.findusages.model.holders.NodeHolder">
            <node ref="r:d67d861a-5004-4a14-8e52-84d4694d197a(SoseL21.generator.templates@generator)/155757643426942124" title="reduce_Boolean" />
          </holder>
        </query>
        <usage_view>
          <tree_wrapper>
            <view_options>
              <options category_option="false" module_option="true" model_option="true" root_option="true" path_option="false" count_option="true" info_option="true" view_searched_nodes_option="true" group_searched_nodes_option="true" autoscroll_option="false" />
            </view_options>
            <contents caption="" excluded="false" isresult="false" results_section="false">
              <role name="main root" />
              <child caption="Searched nodes" excluded="false" isresult="false" results_section="false">
                <instance qcn="jetbrains.mps.ide.findusages.view.treeholder.tree.nodedatatypes.SearchedNodesNodeData" />
                <role name="searched nodes" />
                <child caption="Searched nodes" excluded="false" isresult="false" results_section="false" category="Searched nodes" category_kind="Category">
                  <instance qcn="jetbrains.mps.ide.findusages.view.treeholder.tree.nodedatatypes.CategoryNodeData" />
                  <role name="category:Category" />
                  <child caption="SoseL21.generator" excluded="false" isresult="false" results_section="false" module_ref="5efffc66-927d-4a41-9639-3d5f4bcbebda(SoseL21.generator)">
                    <instance qcn="jetbrains.mps.ide.findusages.view.treeholder.tree.nodedatatypes.ModuleNodeData" />
                    <role name="module" />
                    <child caption="SoseL21.generator.templates@generator" excluded="false" isresult="false" results_section="false">
                      <instance qcn="jetbrains.mps.ide.findusages.view.treeholder.tree.nodedatatypes.ModelNodeData" />
                      <role name="model" />
                      <child caption="reduce_Boolean" info="" excluded="false" isresult="true" results_section="false" nodePtr="r:d67d861a-5004-4a14-8e52-84d4694d197a(SoseL21.generator.templates@generator)/155757643426942124" isRoot="true">
                        <instance qcn="jetbrains.mps.ide.findusages.view.treeholder.tree.nodedatatypes.NodeNodeData" />
                        <role name="target" />
                      </child>
                      <model uid="r:d67d861a-5004-4a14-8e52-84d4694d197a(SoseL21.generator.templates@generator)" />
                    </child>
                  </child>
                </child>
              </child>
              <child caption="Usages" excluded="false" isresult="false" results_section="true">
                <instance qcn="jetbrains.mps.ide.findusages.view.treeholder.tree.nodedatatypes.ResultsNodeData" />
                <role name="results" />
                <child caption="Node Usages" excluded="false" isresult="false" results_section="true" category="Node Usages" category_kind="Category">
                  <instance qcn="jetbrains.mps.ide.findusages.view.treeholder.tree.nodedatatypes.CategoryNodeData" />
                  <role name="category:Category" />
                  <child caption="SoseL21.generator" excluded="false" isresult="false" results_section="true" module_ref="5efffc66-927d-4a41-9639-3d5f4bcbebda(SoseL21.generator)">
                    <instance qcn="jetbrains.mps.ide.findusages.view.treeholder.tree.nodedatatypes.ModuleNodeData" />
                    <role name="module" />
                    <child caption="SoseL21.generator.templates@generator" excluded="false" isresult="false" results_section="true">
                      <instance qcn="jetbrains.mps.ide.findusages.view.treeholder.tree.nodedatatypes.ModelNodeData" />
                      <role name="model" />
                      <child caption="main" info="" excluded="false" isresult="false" results_section="true" nodePtr="r:d67d861a-5004-4a14-8e52-84d4694d197a(SoseL21.generator.templates@generator)/412122189254468702" isRoot="true">
                        <instance qcn="jetbrains.mps.ide.findusages.view.treeholder.tree.nodedatatypes.NodeNodeData" />
                        <role name="root" />
                        <child caption="reduce_Boolean" info="(role: ruleConsequence in: reduce Boolean)" excluded="false" isresult="true" results_section="true" nodePtr="r:d67d861a-5004-4a14-8e52-84d4694d197a(SoseL21.generator.templates@generator)/155757643426942126">
                          <instance qcn="jetbrains.mps.ide.findusages.view.treeholder.tree.nodedatatypes.NodeNodeData" />
                          <role name="target" />
                        </child>
                      </child>
                      <model uid="r:d67d861a-5004-4a14-8e52-84d4694d197a(SoseL21.generator.templates@generator)" />
                    </child>
                  </child>
                </child>
              </child>
            </contents>
          </tree_wrapper>
        </usage_view>
      </tab>
    </tabs>
    <default_view_options>
      <options category_option="false" module_option="true" model_option="true" root_option="true" path_option="false" count_option="true" info_option="true" view_searched_nodes_option="true" group_searched_nodes_option="true" autoscroll_option="false" />
    </default_view_options>
  </component>
  <component name="Vcs.Log.Tabs.Properties">
    <option name="TAB_STATES">
      <map>
        <entry key="MAIN">
          <value>
            <State />
          </value>
        </entry>
      </map>
    </option>
    <option name="oldMeFiltersMigrated" value="true" />
  </component>
</project>